{"name":"18c98f9e-80e4-4ae1-a00c-d48461bfe237","id":"/providers/Microsoft.Flow/flows/18c98f9e-80e4-4ae1-a00c-d48461bfe237","type":"Microsoft.Flow/flows","properties":{"apiId":"/providers/Microsoft.PowerApps/apis/shared_logicflows","displayName":"SQL Role Change Approval","definition":{"metadata":{"workflowEntityId":null,"flowclientsuspensionreason":"None","flowclientsuspensiontime":null,"creator":{"id":"00b24f79-083d-413b-a8bc-48e8453ce094","type":"User","tenantId":"b3d2bfa8-536e-4864-8ada-5f93cc8faea3"},"provisioningMethod":"FromDefinition","failureAlertSubscription":true,"clientLastModifiedTime":"2021-03-29T19:13:08.0754156Z"},"$schema":"https://schema.management.azure.com/providers/Microsoft.Logic/schemas/2016-06-01/workflowdefinition.json#","contentVersion":"1.0.0.0","parameters":{"$connections":{"defaultValue":{},"type":"Object"},"$authentication":{"defaultValue":{},"type":"SecureObject"}},"triggers":{"When_a_user_is_added_to_a_new_database_security_role":{"recurrence":{"frequency":"Minute","interval":3},"splitOn":"@triggerOutputs()?['body/value']","type":"OpenApiConnection","inputs":{"host":{"apiId":"/providers/Microsoft.PowerApps/apis/shared_sql","connectionName":"shared_sql","operationId":"GetOnNewItems_V2"},"parameters":{"server":"wprowland.database.windows.net","database":"AdventureWorks","table":"adt.UserAccessAudit"},"authentication":"@parameters('$authentication')"}}},"actions":{"Start_and_wait_for_an_approval":{"runAfter":{},"type":"OpenApiConnectionWebhook","inputs":{"host":{"apiId":"/providers/Microsoft.PowerApps/apis/shared_approvals","connectionName":"shared_approvals","operationId":"StartAndWaitForAnApproval"},"parameters":{"approvalType":"Basic","WebhookApprovalCreationInput/title":"Approval Required: SQL Role Assignment for @{triggerOutputs()['body']['UserName']}","WebhookApprovalCreationInput/assignedTo":"luke.mcconnell@LBMC.com","WebhookApprovalCreationInput/details":"## Please review this SQL database user access change and approve or deny the new role assignment\n\n### On @{triggerOutputs()['body']['ChangeTimestamp']}, @{triggerOutputs()['body']['ChangedBy']} assigned the user @{triggerOutputs()['body']['UserName']} to the @{triggerOutputs()['body']['DatabaseRoleName']} role. Confirm that this level of access is appropriate for the user by approving or denying the request.\n\nDenying the request will immediately remove the user from the role, but they will retain any other role assignments that already existed.","WebhookApprovalCreationInput/enableNotifications":true,"WebhookApprovalCreationInput/enableReassignment":true},"authentication":"@parameters('$authentication')"}},"If_the_request_is_approved":{"actions":{"For_each_approved_request":{"foreach":"@outputs('Start_and_wait_for_an_approval')?['body/responses']","actions":{"Log_the_approval":{"runAfter":{},"type":"OpenApiConnection","inputs":{"host":{"apiId":"/providers/Microsoft.PowerApps/apis/shared_sql","connectionName":"shared_sql","operationId":"ExecutePassThroughNativeQuery_V2"},"parameters":{"server":"wprowland.database.windows.net","database":"AdventureWorks","query/query":"UPDATE adt.UserAccessAudit\nSET\nAuthorized = 1\n,AuthorizedBy = @AuthorizedBy\n,AuthorizationDateTime = @AuthorizationDateTime\n,AuthorizationNote = @AuthorizationNote\nWHERE RecordNumber = @RecordNumber","query/formalParameters":{"AuthorizedBy":"VARCHAR(MAX)","AuthorizationDateTime":"DATETIME","AuthorizationNote":"VARCHAR(MAX)","RecordNumber":"INT"},"query/actualParameters/AuthorizedBy":"@items('For_each_approved_request')?['responder/displayName']","query/actualParameters/AuthorizationDateTime":"@outputs('Start_and_wait_for_an_approval')?['body/completionDate']","query/actualParameters/AuthorizationNote":"@items('For_each_approved_request')?['comments']","query/actualParameters/RecordNumber":"@triggerOutputs()['body']['RecordNumber']"},"authentication":"@parameters('$authentication')"}}},"runAfter":{},"type":"Foreach"}},"runAfter":{"Start_and_wait_for_an_approval":["Succeeded"]},"else":{"actions":{"For_each_rejected_request":{"foreach":"@outputs('Start_and_wait_for_an_approval')?['body/responses']","actions":{"Log_the_rejection":{"runAfter":{},"type":"OpenApiConnection","inputs":{"host":{"apiId":"/providers/Microsoft.PowerApps/apis/shared_sql","connectionName":"shared_sql","operationId":"ExecutePassThroughNativeQuery_V2"},"parameters":{"server":"wprowland.database.windows.net","database":"AdventureWorks","query/query":"UPDATE adt.UserAccessAudit\nSET\nAuthorized = 0\n,AuthorizedBy = @AuthorizedBy\n,AuthorizationDateTime = @AuthorizationDateTime\n,AuthorizationNote = @AuthorizationNote\nWHERE RecordNumber = @RecordNumber","query/formalParameters":{"AuthorizedBy":"VARCHAR(MAX)","AuthorizationDateTime":"DATETIME","AuthorizationNote":"VARCHAR(MAX)","RecordNumber":"INT"},"query/actualParameters/AuthorizedBy":"@items('For_each_rejected_request')?['responder/displayName']","query/actualParameters/AuthorizationDateTime":"@outputs('Start_and_wait_for_an_approval')?['body/completionDate']","query/actualParameters/AuthorizationNote":"@items('For_each_rejected_request')?['comments']","query/actualParameters/RecordNumber":"@triggerOutputs()['body']['RecordNumber']"},"authentication":"@parameters('$authentication')"}},"Drop_the_role_assignment":{"runAfter":{"Log_the_rejection":["Succeeded"]},"type":"OpenApiConnection","inputs":{"host":{"apiId":"/providers/Microsoft.PowerApps/apis/shared_sql","connectionName":"shared_sql","operationId":"ExecutePassThroughNativeQuery_V2"},"parameters":{"server":"wprowland.database.windows.net","database":"AdventureWorks","query/query":"EXEC sp_droprolemember @Role, @Username;","query/formalParameters":{"Role":"VARCHAR(MAX)","Username":"VARCHAR(MAX)"},"query/actualParameters/Role":"@triggerOutputs()['body']['DatabaseRoleName']","query/actualParameters/Username":"@triggerOutputs()['body']['UserName']"},"authentication":"@parameters('$authentication')"}}},"runAfter":{},"type":"Foreach"}}},"expression":{"equals":["@outputs('Start_and_wait_for_an_approval')?['body/outcome']","Approve"]},"type":"If"}}},"connectionReferences":{"shared_sql":{"connectionName":"shared-sql-7abe5ee0-d2ab-4fcd-a74a-c81e-116f935a","source":"Embedded","id":"/providers/Microsoft.PowerApps/apis/shared_sql","tier":"NotSpecified"},"shared_approvals":{"connectionName":"shared-approvals-28c772c6-85a6-4b29-bc64-bdf1-5ebf8577","source":"Embedded","id":"/providers/Microsoft.PowerApps/apis/shared_approvals","tier":"NotSpecified"}},"flowFailureAlertSubscribed":false}}